Duobam;monetize value-added initiatives
Trippledex;harness killer bandwidth
Holdlamis;transition turn-key niches
Ronstring;whiteboard efficient interfaces
Asoka;scale value-added action-items
Tresom;empower compelling e-commerce
Latlux;reinvent efficient e-markets
Voyatouch;streamline end-to-end applications
Job;visualize bricks-and-clicks bandwidth
Cookley;incubate cross-media web-readiness
Mat Lam Tam;envisioneer dot-com methodologies
Lotlux;unleash global e-services
Zontrax;transition dynamic functionalities
Ventosanzap;transform web-enabled infomediaries
Viva;revolutionize granular experiences
Tresom;deploy end-to-end e-markets
Viva;unleash virtual metrics
Zoolab;empower granular functionalities
Home Ing;synthesize open-source content
Asoka;maximize B2B web services
Trippledex;syndicate intuitive relationships
Greenlam;syndicate intuitive communities
Redhold;reinvent bricks-and-clicks infomediaries
Andalax;optimize mission-critical niches
Lotlux;evolve back-end infrastructures
Sonair;harness one-to-one supply-chains
Vagram;synergize collaborative models
Tampflex;engage front-end experiences
Latlux;architect vertical relationships
Zontrax;enhance global e-markets
