id;idvfd
Twiyo;embrace world-class architectures
Trilith;grow front-end channels
Yoveo;repurpose cutting-edge initiatives
Fivechat;drive integrated metrics
Izio;implement impactful platforms
Cogilith;morph 24/7 portals
Wordify;enhance user-centric relationships
Latz;architect clicks-and-mortar e-markets
Voolia;repurpose magnetic e-services
Podcat;morph B2B channels
Avaveo;brand sexy metrics
Zazio;engineer one-to-one channels
Kaymbo;strategize clicks-and-mortar mindshare
Quamba;iterate efficient e-services
Katz;morph revolutionary channels
Jaloo;implement leading-edge initiatives
Livetube;deliver proactive deliverables
Thoughtworks;whiteboard frictionless synergies
Yadel;monetize scalable paradigms
Eire;productize e-business architectures
Linktype;iterate bleeding-edge initiatives
Meezzy;visualize customized initiatives
Photolist;reinvent web-enabled interfaces
Thoughtbeat;synthesize value-added action-items
Kayveo;engage extensible vortals
Wordware;evolve e-business initiatives
Rhybox;orchestrate collaborative systems
Browsebug;revolutionize visionary solutions
Katz;transform dot-com e-commerce
