Saccharum bengalense Retz.;George Carlin: It's Bad for Ya!;Bayside;20/05/2015;45;L222-93:058;Jewelery
Sisyrinchium idahoense E.P. Bicknell var. segetum (E.P. Bicknell) Douglass M. Hend.;Harry Brown;Spohn;21/05/2015;43;P222-23:191;Tools
Flueggea virosa (Roxb. ex Willd.) Voigt;Fort Apache;Toban;22/05/2015;279;O222-28:854;Music
Agastache nepetoides (L.) Kuntze;"Rose Tattoo; The Graedel;23/05/2015;126;Sancho;Moryson;4;Analytical;T222-64:155;Automotive
Lyonia rubiginosa (Pers.) G. Don;Carless Love;Waubesa;24/05/2015;286;Abagail;Humpatch;5;Behavioral;C222-05:462;Sports
Blechum P. Br.;War of the Arrows (Choi-jong-byeong-gi Hwal);Nevada;25/05/2015;304;Justin;Constanza;6;Blue Collar ;X222-79:557;Electronics
Astragalus albens Greene;Mutantes;Loftsgordon;26/05/2015;157;Meredith;Roantree;7;Business Intelligence;T222-30:110;Automotive
Eriogonum tenellum Torr. var. tenellum;The Mule;Alpine;27/05/2015;83;Caralie;Chainey;8;Business;C222-20:093;Computers
Helianthemum nashii Britton;Baby Doll;Hermina;28/05/2015;311;Cyrillus;Tendahl;9;Business Storytelling;R222-08:432;Movies
Iva imbricata Walter;Queen of Outer Space;Vidon;29/05/2015;145;Floria;Proudlove;1;Accounting;A222-54:314;Movies
Thamnolia Ach. ex Schaerer;Matchstick Men;Jenna;30/05/2015;33;Chrissy;Bengle;2;Active Listening;S222-53:121;Industrial
Symphyotrichum chilense (Nees) G.L. Nesom var. chilense;Paradise Now;Oneill;31/05/2015;73;Baryram;Tomasoni;3;Administrative;E222-17:380;Books
Descurainia sophioides (Fisch. ex Hook.) O.E. Schulz;Life of Jesus The (La vie de J‚sus)""";Gateway;01/06/2015;240;P222-15:391;Sports
Silphium L.;Sukiyaki Western Django;Tennyson;02/06/2015;79;Z222-28:070;Computers
Amelanchier pallida Greene;Advanced Style;Ramsey;03/06/2015;74;C222-30:815;Music
Doryopteris takeuchii (W.H. Wagner) W.H. Wagner;The Snow Woman;Mendota;04/06/2015;351;I222-30:372;Garden
Castilleja indivisa Engelm.;"Valachi Papers;The Hovde;05/06/2015;327;Caralie;Chainey;8;Business;N222-46:892;Kids
Cordylanthus wrightii A. Gray;Such Hawks Such Hounds;Duke;06/06/2015;330;Cyrillus;Tendahl;9;Business Storytelling;M222-12:258;Garden
Sedum annuum L.;Fans;Spohn;07/06/2015;353;Floria;Proudlove;1;Accounting;X222-59:662;Home
Rhododendron camtschaticum Pall.;The Blue Room;Nobel;08/06/2015;315;Chrissy;Bengle;2;Active Listening;N222-07:520;Computers
Mentzelia congesta Nutt. ex Torr. & A. Gray;Gay Bed and Breakfast of Terror"; The Fairfield;09/06/2015;306;Y222-72:132;Home
Hymenopappus tenuifolius Pursh;Just Sex and Nothing Else (Csak szex ‚s m s semmi);Ilene;10/06/2015;113;C222-99:491;Home
Sphagnum andersonianum R.E. Andrus;"Castaway Cowboy; The Northland;11/06/2015;274;Abagail;Humpatch;5;Behavioral;P222-20:327;Toys
Erithalis P. Br.;J”nssonligan dyker upp igen;Vidon;12/06/2015;253;Justin;Constanza;6;Blue Collar ;N222-30:995;Tools
Pentachaeta exilis (A. Gray) A. Gray;Omega Code"; The Oneill;13/06/2015;262;A222-79:728;Beauty
Cistanthe parryi (A. Gray) Hershkovitz var. parryi;Caterina in the Big City (Caterina va in citt…);Jay;14/06/2015;81;B222-28:807;Movies
Andropogon gayanus Kunth;Winds of the Wasteland;Elmside;15/06/2015;43;Y222-90:005;Computers
Delissea laciniata Hillebr.;Murder on the Orient Express;Crescent Oaks;16/06/2015;60;F222-14:597;Automotive
Platanthera zothecina (Higgins & S.L. Welsh) Kartesz & Gandhi;"Beach Girls and the Monster; The Shasta;17/06/2015;222;Chrissy;Bengle;2;Active Listening;U222-55:376;Sports
Jatropha dioica Cerv. var. dioica;Crude;Caliangt;18/06/2015;78;Baryram;Tomasoni;3;Administrative;X222-27:448;Toys
Cercidospora K”rb.;K-9;Calypso;19/06/2015;252;Sancho;Moryson;4;Analytical;C222-71:460;Electronics
Chrysothamnus greenei (A. Gray) Greene;Glass Web"; The Westridge;20/06/2015;61;O222-14:985;Electronics
Clinopodium dentatum (Chapm.) Kuntze;Wings;Corry;21/06/2015;310;A222-25:590;Movies
Elymus bakeri (E.E. Nelson) µ. L”ve;Earth;Heffernan;22/06/2015;272;B222-92:985;Industrial
Aeschynomene viscidula Michx.;We Can Be Heroes;Washington;23/06/2015;354;A222-42:465;Health
Chaenorhinum (DC.) Rchb.;Boys Life 3;Chive;24/06/2015;173;O222-64:239;Jewelery
Triplophyllum Holttum;Kim;High Crossing;25/06/2015;201;S222-47:685;Toys
Douglasia montana A. Gray;Purely Belter;Dwight;26/06/2015;112;Y222-25:723;Games
Japewia subaurifera Muhr & T›nsberg;How to Train Your Dragon 2;Farmco;27/06/2015;113;H222-96:090;Books
Dodecatheon frenchii (Vasey) Rydb.;Lake City;Scofield;28/06/2015;46;S222-75:380;Kids
Parthenium hispidum Raf.;Certified Copy (Copie conforme);Bayside;29/06/2015;211;X222-49:239;Movies
Montrichardia linifera (Arruda) Schott;A Matador's Mistress;Waxwing;30/06/2015;349;N222-85:615;Books
Geum laciniatum Murray var. laciniatum;Fallout;Armistice;01/07/2015;91;L222-86:458;Jewelery
Bletia patula Graham var. patula;"Swimmer; The Mandrake;02/07/2015;268;Caralie;Chainey;8;Business;J222-24:840;Automotive
Crataegus austromontana Beadle;Scarecrows;Stone Corner;03/07/2015;372;Cyrillus;Tendahl;9;Business Storytelling;M222-65:783;Music
Panicum lacustre Hitchc. & Ekman;Elia Kazan: A Director's Journey;Amoth;04/07/2015;237;Floria;Proudlove;1;Accounting;J222-22:638;Automotive
Callitriche L.;Barfly;6th;05/07/2015;208;Chrissy;Bengle;2;Active Listening;K222-89:439;Toys
Ochrolechia szatalaensis Verseghy;Big Fat Liar;Farmco;06/07/2015;297;Baryram;Tomasoni;3;Administrative;L222-08:613;Electronics
Sporobolus tenuissimus (Mart. ex Schrank) Kuntze;Battlefield Baseball (Jigoku k“shien);Stone Corner;07/07/2015;207;Sancho;Moryson;4;Analytical;Y222-84:769;Home
Populus fremontii S. Watson ssp. fremontii;One Piece Film: Strong World;Cascade;08/07/2015;259;Abagail;Humpatch;5;Behavioral;E222-60:530;Jewelery
Ramalina scoparia Vain.;23 Paces to Baker Street;Division;09/07/2015;236;Justin;Constanza;6;Blue Collar ;B222-77:977;Industrial
Atriplex gmelinii C.A. Mey.;Last Samurai"; The Mallory;10/07/2015;5;V222-54:210;Garden
Tetrodontium ovatum (Funck) Schw„gr.;That's Life!;Hauk;11/07/2015;251;I222-53:010;Health
Musineon divaricatum (Pursh) Raf.;Riddick;Longview;12/07/2015;256;R222-20:432;Computers
Nemophila kirtleyi L.F. Hend.;"Monster That Challenged the World; The Oak;13/07/2015;325;Floria;Proudlove;1;Accounting;I222-84:808;Jewelery
Ptychosperma macarthuri (H. Wendl. ex hort.) G. Nicholson;Gravedancers"; The Continental;14/07/2015;294;F222-00:608;Jewelery
Homaliadelphus sharpii (R.S. Williams) Sharp;Three on a Weekend;Dayton;15/07/2015;39;S222-65:285;Health
Saxifraga flagellaris Willd. ex Sternb.;I Was A Communist for the FBI;Killdeer;16/07/2015;94;N222-34:601;Baby
Pseudephebe minuscula (Nyl. ex Arnold) Brodo & D. Hawksw.;The Lone Ranger;Dayton;17/07/2015;225;Y222-94:265;Beauty
Anisocarpus Nutt.;Five Dedicated to Ozu;Ryan;18/07/2015;231;B222-50:845;Shoes
Atriplex wrightii S. Watson;Jagged Edge;3rd;19/07/2015;311;D222-62:976;Automotive
Cirsium undulatum (Nutt.) Spreng.;Dracula Has Risen from the Grave;Granby;20/07/2015;200;U222-35:348;Music
Trichocereus (A. Berger) Riccob.;Somersault;Old Gate;21/07/2015;298;F222-58:722;Sports
Cirsium ownbeyi S.L. Welsh;"Gunfighter; The Grim;22/07/2015;212;Floria;Proudlove;1;Accounting;W222-08:705;Health
Ageratina resiniflua (Urb.) R.M. King & H. Rob.;Taqwacore: The Birth of Punk Islam;Carioca;23/07/2015;262;Chrissy;Bengle;2;Active Listening;U222-05:824;Industrial
Hygrohypnum cochlearifolium (Vent. ex De Not.) Broth.;Last Voyage"; The Judy;24/07/2015;288;Z222-03:411;Games
Sida acuta Burm. f.;Max Dugan Returns;Tennessee;25/07/2015;15;X222-43:012;Movies
Atriplex serenana A. Nelson var. serenana;Silmido;Sunnyside;26/07/2015;283;J222-21:968;Outdoors
Gypsophila oldhamiana Miq.;"Goat The (a.k.a. Knock On Wood) (ChŠvre; La 2nd;27/07/2015;83;Justin;Constanza;6;Blue Collar ;C222-55:457;Clothing
Buddleja lindleyana Fortune;Silent Partner;Arizona;28/07/2015;40;Meredith;Roantree;7;Business Intelligence;D222-98:342;Shoes
Cryptantha mensana (M.E. Jones) Payson;Inglourious Basterds;Carpenter;29/07/2015;74;Caralie;Chainey;8;Business;I222-02:088;Health
Caloplaca litoricola Brodo;Two for the Road;Schmedeman;30/07/2015;354;Cyrillus;Tendahl;9;Business Storytelling;H222-75:830;Computers
Eriogonum pusillum Torr. & A. Gray;Man"; Woman and the Wall (Kikareta onna no mirareta yoru)Golf;31/07/2015;217;P222-19:585;Movies
Eccremocactus Britton & Rose;Alligator Eyes;Old Gate;01/08/2015;346;S222-42:788;Outdoors
Trifolium monanthum A. Gray ssp. tenerum (Eastw.) J.M. Gillett;Humanoids from the Deep;Union;02/08/2015;249;I222-66:510;Beauty
Citrus žlimon (L.) Burm. f. (pro sp.);Romantic Comedy;Porter;03/08/2015;342;B222-94:008;Kids
Arthonia varia (Ach.) Nyl.;Disco and Atomic War (Disko ja tuumasäda);Fordem;04/08/2015;235;L222-96:001;Home
Ibicella Van Eselt.;"Wild Child The (Enfant sauvage;Brickson Park;05/08/2015;74;Justin;Constanza;6;Blue Collar ;M222-59:005;Grocery
Pireella cymbifolia (Sull.) Cardot;Red-Headed Woman;Springs;06/08/2015;242;Meredith;Roantree;7;Business Intelligence;Y222-78:507;Sports
Polymeridium subcinereum (Nyl.) R.C. Harris;Guelwaar;Mallard;07/08/2015;73;Caralie;Chainey;8;Business;E222-61:183;Health
Dudleya gnoma S. McCabe;Three Resurrected Drunkards (Kaette kita yopparai);Atwood;08/08/2015;207;Cyrillus;Tendahl;9;Business Storytelling;X222-87:829;Games
Acacia irrorata Sieber ex Spreng.;Absolute Power;Pennsylvania;09/08/2015;109;Floria;Proudlove;1;Accounting;A222-54:898;Automotive
Liatris tenuifolia Nutt. var. quadriflora Chapm.;Iron Giant"; The Heath;10/08/2015;57;A222-92:590;Toys
Tsuga caroliniana Engelm.;The Jackie Robinson Story;Dunning;11/08/2015;66;I222-42:109;Automotive
Blepharipappus scaber Hook. ssp. laevis (A. Gray) D.D. Keck;Coriolanus;Roth;12/08/2015;90;B222-73:398;Outdoors
Muscari Mill.;"Tortured; The Esker;13/08/2015;7;Abagail;Humpatch;5;Behavioral;B222-73:893;Movies
Hesperocyparis macrocarpa (Hartw.) Bartel;Concert; Le Canary;14/08/2015;89;Justin;Constanza;6;Blue Collar ;B222-48:677;Games
Fraxinus quadrangulata Michx.;Sade;Rockefeller;15/08/2015;339;Meredith;Roantree;7;Business Intelligence;G222-63:024;Electronics
Diploschistes muscorum (Scop.) R. Sant. ssp. muscorum;Den enskilde medborgaren;Walton;16/08/2015;96;Caralie;Chainey;8;Business;H222-59:889;Kids
Sophora leachiana M. Peck;Little Men;Ridgeview;17/08/2015;303;Cyrillus;Tendahl;9;Business Storytelling;E222-06:356;Kids
Bryum uliginosum (Brid.) Bruch & Schimp.;Great Freedom No. 7 (Port of Freedom) (Groáe Freiheit Nr. 7);Vermont;18/08/2015;281;Floria;Proudlove;1;Accounting;Z222-11:722;Automotive
Arctostaphylos hispidula Howell;Last Action Hero;Dryden;19/08/2015;0;Chrissy;Bengle;2;Active Listening;S222-16:352;Health
Gypsoplaca Timdal;Blue City;Sunfield;20/08/2015;163;Baryram;Tomasoni;3;Administrative;F222-69:292;Music
Comarostaphylis Zucc.;Reunion;Pleasure;21/08/2015;135;Sancho;Moryson;4;Analytical;Z222-83:724;Grocery
Giliastrum incisum (Benth.) J.M. Porter;Pet"; The Dawn;22/08/2015;235;B222-86:946;Garden
Lecidea cruciaria Tuck.;"Face of Another; The (Tanin no kao)Barnett;23/08/2015;156;Justin;Constanza;6;Blue Collar ;B222-55:914;Beauty
Podostemum ceratophyllum Michx.;Body of Lies;Macpherson;24/08/2015;334;Meredith;Roantree;7;Business Intelligence;C222-65:906;Music
Nelumbo lutea Willd.;Trances;Fairfield;25/08/2015;378;Caralie;Chainey;8;Business;E222-84:564;Grocery
Cortaderia Stapf;Standard Operating Procedure;Randy;26/08/2015;124;Cyrillus;Tendahl;9;Business Storytelling;S222-64:294;Automotive
Fissidens neonii (E.B. Bartram) Grout;Dunce Class on Vacation"; The (Hababam sinifi tatilde)Harper;27/08/2015;252;D222-12:067;Toys
